{
  "learning_rate": 7.896186801026683e-05,
  "n_steps": 4096,
  "batch_size": 64,
  "ent_coef": 0.00019634341572933326,
  "gamma": 0.9835274182990956,
  "clip_range": 0.23204574812188042
}