{
  "learning_rate": 0.0009307817293627743,
  "n_steps": 512,
  "batch_size": 256,
  "ent_coef": 0.016414083340694195,
  "gamma": 0.9986199900581334,
  "clip_range": 0.23198476135848478
}