severity_quartile,pearson_r_mean,pearson_r_std,pearson_r_min,pearson_r_max,pearson_r_p5,pearson_r_p25,pearson_r_p50,pearson_r_p75,pearson_r_p95,pearson_r_p99,pearson_r_n,goal_rate,reward_mean,reward_std
Q1 mild,0.668494,0.158634,0.219626,0.950307,0.321145,0.602355,0.690534,0.784363,0.881213,0.919637,1000,0.967,388.300098,331.78411
Q2,0.549871,0.146692,0.027242,0.819099,0.235803,0.497393,0.5792,0.646081,0.74131,0.786217,1000,0.413,83.728204,383.48146
Q3,0.480901,0.283496,-0.914335,0.984284,0.024668,0.433104,0.543152,0.627939,0.776773,0.973995,1000,0.14,-45.565641,307.347651
Q4 severe,-0.607959,0.547216,-0.965028,0.982155,-0.945336,-0.883732,-0.817459,-0.755993,0.826796,0.96923,1000,0.076,-56.56796,264.181345
