angle_bin,pearson_r_mean,pearson_r_std,pearson_r_min,pearson_r_max,pearson_r_p5,pearson_r_p25,pearson_r_p50,pearson_r_p75,pearson_r_p95,pearson_r_p99,pearson_r_n,goal_rate,reward_mean,reward_std
0.5-1.0,0.088514,0.548575,-0.965028,0.967345,-0.93834,0.004359,0.289013,0.476584,0.65191,0.786457,1000,0.713,506.617683,332.233866
1.0-1.5,0.286039,0.621979,-0.953294,0.984284,-0.928262,0.425557,0.5328,0.654286,0.840218,0.975066,1000,0.395,103.515789,318.675107
1.5-2.0,0.339264,0.61767,-0.889684,0.978211,-0.85495,0.496986,0.600502,0.695179,0.887952,0.96923,1000,0.27,-58.516381,233.156781
2.0-2.5,0.377489,0.60005,-0.840233,0.950873,-0.799235,0.555308,0.640488,0.726344,0.856583,0.936763,1000,0.218,-181.72239,119.737994
