severity_quartile,pearson_r_mean,pearson_r_std,pearson_r_min,pearson_r_max,pearson_r_p5,pearson_r_p25,pearson_r_p50,pearson_r_p75,pearson_r_p95,pearson_r_p99,pearson_r_n,goal_rate,reward_mean,reward_std
Q1 mild,0.739468,0.207656,-0.028597,0.992611,0.271281,0.650086,0.809743,0.889699,0.961133,0.98096,1000,1.0,501.577032,252.415677
Q2,0.633991,0.191059,-0.297314,0.916856,0.26259,0.529986,0.69,0.768265,0.860046,0.89969,1000,0.972,373.512607,290.786217
Q3,0.527376,0.238149,-0.987374,0.963341,0.168337,0.503512,0.607722,0.663252,0.72813,0.758853,1000,0.819,184.795993,289.333214
Q4 severe,0.486099,0.361648,-0.957717,0.785928,-0.759064,0.522471,0.581727,0.637675,0.707121,0.733358,1000,0.724,297.793471,331.217347
