angle_bin,pearson_r_mean,pearson_r_std,pearson_r_min,pearson_r_max,pearson_r_p5,pearson_r_p25,pearson_r_p50,pearson_r_p75,pearson_r_p95,pearson_r_p99,pearson_r_n,goal_rate,reward_mean,reward_std
0.5-1.0,0.338053,0.30433,-0.971466,0.982013,-0.34179,0.281534,0.373251,0.487999,0.658116,0.79191,1000,1.0,706.109773,61.218557
1.0-1.5,0.608258,0.116585,0.386753,0.942203,0.447002,0.518378,0.594803,0.684173,0.825692,0.89906,1000,0.996,520.890698,145.452244
1.5-2.0,0.671824,0.128518,0.446412,0.983812,0.492455,0.559718,0.662577,0.762219,0.901629,0.959386,1000,0.886,342.179753,238.877752
2.0-2.5,0.681124,0.121634,0.491858,0.98234,0.522958,0.568843,0.669542,0.771054,0.907529,0.952914,1000,0.744,203.388719,265.213363
