angle_bin,pearson_r_mean,pearson_r_std,pearson_r_min,pearson_r_max,pearson_r_p5,pearson_r_p25,pearson_r_p50,pearson_r_p75,pearson_r_p95,pearson_r_p99,pearson_r_n,goal_rate,reward_mean,reward_std
0.5-1.0,0.403744,0.277482,-0.905525,0.886432,-0.184539,0.326196,0.428689,0.601145,0.703582,0.782295,1000,1.0,737.935028,24.605864
1.0-1.5,0.69812,0.109868,0.423952,0.970289,0.501112,0.626967,0.695979,0.770737,0.884255,0.94428,1000,0.995,616.976141,154.457665
1.5-2.0,0.705914,0.139114,0.44525,0.992925,0.487943,0.593025,0.721189,0.811726,0.928849,0.971811,1000,0.872,403.790554,278.565167
2.0-2.5,0.700327,0.127654,0.488899,0.986538,0.526657,0.580518,0.69255,0.800177,0.927505,0.965469,1000,0.773,263.993561,291.009723
