angle_bin,pearson_r_mean,pearson_r_std,pearson_r_min,pearson_r_max,pearson_r_p5,pearson_r_p25,pearson_r_p50,pearson_r_p75,pearson_r_p95,pearson_r_p99,pearson_r_n,goal_rate,reward_mean,reward_std
0.5-1.0,0.080257,0.553023,-0.976383,0.960208,-0.948027,-0.019723,0.28061,0.467545,0.669581,0.781146,1000,0.7,500.990744,336.409398
1.0-1.5,0.277265,0.626425,-0.956271,0.986395,-0.927563,0.402616,0.531352,0.654511,0.849124,0.956412,1000,0.42,119.639607,323.537981
1.5-2.0,0.621364,0.136312,0.31977,0.973378,0.43461,0.511818,0.593626,0.723053,0.874371,0.928837,1000,0.874,208.976921,261.298133
2.0-2.5,0.681575,0.123999,0.496132,0.982096,0.524577,0.567184,0.662408,0.772527,0.907182,0.954902,1000,0.746,170.650946,268.610107
