severity_quartile,pearson_r_mean,pearson_r_std,pearson_r_min,pearson_r_max,pearson_r_p5,pearson_r_p25,pearson_r_p50,pearson_r_p75,pearson_r_p95,pearson_r_p99,pearson_r_n,goal_rate,reward_mean,reward_std
Q1 mild,0.720219,0.16611,0.114539,0.983812,0.358007,0.635402,0.752626,0.84122,0.934261,0.965154,1000,1.0,562.826349,160.211961
Q2,0.594701,0.157901,0.05395,0.90924,0.289242,0.502588,0.61438,0.71112,0.822799,0.873332,1000,0.988,447.203246,237.179819
Q3,0.507129,0.212068,-0.971466,0.982013,0.190734,0.457817,0.529513,0.631006,0.74029,0.788582,1000,0.87,385.11448,290.109448
Q4 severe,0.477212,0.286818,-0.956513,0.735932,0.176407,0.46106,0.541481,0.6156,0.693876,0.726336,1000,0.768,377.424867,327.206805
