severity_quartile,pearson_r_mean,pearson_r_std,pearson_r_min,pearson_r_max,pearson_r_p5,pearson_r_p25,pearson_r_p50,pearson_r_p75,pearson_r_p95,pearson_r_p99,pearson_r_n,goal_rate,reward_mean,reward_std
Q1 mild,0.754037,0.191948,-0.279555,0.992925,0.353554,0.712728,0.802339,0.879412,0.953761,0.980319,1000,1.0,599.694574,159.809957
Q2,0.647816,0.197853,-0.701436,0.924846,0.315469,0.592683,0.688795,0.774446,0.856921,0.891468,1000,0.994,529.907161,245.740729
Q3,0.57092,0.212108,-0.905525,0.826412,0.270504,0.513627,0.624881,0.698763,0.776448,0.804223,1000,0.894,485.604295,302.443236
Q4 severe,0.535332,0.205236,-0.894976,0.771111,0.285334,0.504533,0.567552,0.645744,0.716018,0.744355,1000,0.752,407.489253,353.554892
