severity_quartile,pearson_r_mean,pearson_r_std,pearson_r_min,pearson_r_max,pearson_r_p5,pearson_r_p25,pearson_r_p50,pearson_r_p75,pearson_r_p95,pearson_r_p99,pearson_r_n,goal_rate,reward_mean,reward_std
Q1 mild,0.755855,0.172607,0.262823,0.985863,0.356026,0.709618,0.794801,0.87049,0.958614,0.974716,1000,1.0,596.368286,148.79117
Q2,0.666383,0.175895,-0.497806,0.930684,0.30214,0.604712,0.706396,0.793566,0.865559,0.898843,1000,0.992,530.216226,240.992112
Q3,0.565801,0.244735,-0.954001,0.832043,0.270651,0.518992,0.623877,0.707141,0.777191,0.805077,1000,0.863,461.399285,319.280357
Q4 severe,0.508021,0.314027,-0.964801,0.794195,0.268248,0.515708,0.570963,0.645495,0.724211,0.756445,1000,0.767,409.84395,349.905233
