angle_bin,pearson_r_mean,pearson_r_std,pearson_r_min,pearson_r_max,pearson_r_p5,pearson_r_p25,pearson_r_p50,pearson_r_p75,pearson_r_p95,pearson_r_p99,pearson_r_n,goal_rate,reward_mean,reward_std
0.5-1.0,0.316631,0.3891,-0.987374,0.963341,-0.782673,0.245468,0.367068,0.554086,0.743485,0.856583,1000,0.963,560.43526,245.892257
1.0-1.5,0.670514,0.115414,0.338666,0.97532,0.473193,0.60709,0.658105,0.730233,0.879899,0.939112,1000,0.974,409.820231,273.246641
1.5-2.0,0.701428,0.135351,0.450261,0.990534,0.501782,0.599399,0.694964,0.802288,0.934865,0.976941,1000,0.842,228.64915,285.395935
2.0-2.5,0.698362,0.133085,0.496339,0.992611,0.528177,0.5738,0.680713,0.80784,0.932282,0.964174,1000,0.736,158.774461,281.962763
