angle_bin,pearson_r_mean,pearson_r_std,pearson_r_min,pearson_r_max,pearson_r_p5,pearson_r_p25,pearson_r_p50,pearson_r_p75,pearson_r_p95,pearson_r_p99,pearson_r_n,goal_rate,reward_mean,reward_std
0.5-1.0,0.379278,0.359629,-0.964801,0.83659,-0.679217,0.30912,0.406245,0.610425,0.740196,0.799966,1000,1.0,729.422291,29.271107
1.0-1.5,0.702205,0.098642,0.441533,0.95417,0.544651,0.63234,0.700322,0.772064,0.862707,0.918505,1000,0.995,607.911252,155.702787
1.5-2.0,0.7139,0.137071,0.445695,0.985863,0.499722,0.603303,0.726282,0.820262,0.929941,0.970243,1000,0.885,408.353395,277.267038
2.0-2.5,0.700676,0.132073,0.488744,0.982738,0.525293,0.571509,0.695369,0.800756,0.941742,0.971209,1000,0.742,252.140809,297.183029
