severity_quartile,pearson_r_mean,pearson_r_std,pearson_r_min,pearson_r_max,pearson_r_p5,pearson_r_p25,pearson_r_p50,pearson_r_p75,pearson_r_p95,pearson_r_p99,pearson_r_n,goal_rate,reward_mean,reward_std
Q1 mild,0.70138,0.173665,0.223618,0.982096,0.313395,0.62867,0.734114,0.826473,0.922728,0.96046,1000,1.0,550.322074,180.021182
Q2,0.569265,0.172906,-0.1928,0.910981,0.217749,0.493129,0.587789,0.689513,0.820002,0.863225,1000,0.89,342.971287,289.514058
Q3,0.463358,0.253535,-0.975297,0.982435,0.046356,0.428971,0.511513,0.588771,0.719406,0.89489,1000,0.511,74.181334,293.604087
Q4 severe,-0.073542,0.711134,-0.976383,0.986395,-0.949293,-0.890034,0.435681,0.552441,0.661144,0.943833,1000,0.339,32.783523,258.619369
