radian_bin,pearson_r_mean,pearson_r_std,pearson_r_min,pearson_r_max,pearson_r_p5,pearson_r_p50,pearson_r_p95,pearson_r_n,goal_rate,reward_mean,reward_std
0.0ľ0.5 rad,0.201511,0.43161,-0.934369,0.89924,-0.509241,0.37504,0.716673,1570,0.750955,126.320137,362.01532
0.5ľ1.0 rad,0.196116,0.541246,-0.995268,0.944426,-0.627803,0.524581,0.746297,1168,0.582192,68.388413,329.363865
1.0ľ1.5 rad,0.248605,0.59025,-0.945911,0.970598,-0.714541,0.56567,0.80831,823,0.582017,64.935963,330.322109
1.5+ rad,0.324815,0.620541,-0.9954,0.94797,-0.840121,0.609701,0.843215,439,0.605923,131.788156,369.675896
