severity_quartile,pearson_r_mean,pearson_r_std,pearson_r_min,pearson_r_max,pearson_r_p5,pearson_r_p50,pearson_r_p95,pearson_r_n,goal_rate,reward_mean,reward_std
Q1 mild,0.536547,0.310776,-0.719709,0.970598,-0.225384,0.616157,0.870569,1000,0.843,378.167927,340.557931
Q2,0.278579,0.462802,-0.923829,0.846602,-0.534581,0.505635,0.729377,1000,0.614,73.228584,348.08691
Q3,0.081674,0.543073,-0.934369,0.761813,-0.688997,0.375314,0.658294,1000,0.587,-21.914718,288.635861
Q4 severe,-0.004168,0.564264,-0.9954,0.738575,-0.786449,0.230766,0.615972,1000,0.56,-39.984215,230.125848
