severity_quartile,pearson_r_mean,pearson_r_std,pearson_r_min,pearson_r_max,pearson_r_p5,pearson_r_p50,pearson_r_p95,pearson_r_n,goal_rate,reward_mean,reward_std
Q1 mild,0.604235,0.318288,-0.728107,0.989928,-0.174095,0.715299,0.906076,1000,0.962,524.25533,267.680513
Q2,0.479347,0.333265,-0.91216,0.93398,-0.309215,0.608718,0.803738,1000,0.804,298.519473,319.612979
Q3,0.349863,0.386806,-0.886165,0.941257,-0.437138,0.50212,0.721817,1000,0.719,177.704075,290.716058
Q4 severe,0.338774,0.378553,-0.910809,0.978526,-0.438039,0.494421,0.67178,1000,0.736,275.78315,316.242674
