severity_quartile,pearson_r_mean,pearson_r_std,pearson_r_min,pearson_r_max,pearson_r_p5,pearson_r_p50,pearson_r_p95,pearson_r_n,goal_rate,reward_mean,reward_std
Q1 mild,0.653733,0.260312,-0.459566,0.980067,0.093214,0.730113,0.923314,1000,0.998,643.354858,136.707093
Q2,0.52173,0.260556,-0.638169,0.955328,-0.018685,0.589661,0.804591,1000,0.954,538.02791,249.555224
Q3,0.41748,0.325428,-0.907315,0.972192,-0.375897,0.50746,0.743586,1000,0.837,435.247246,336.529111
Q4 severe,0.383513,0.341205,-0.692063,0.971146,-0.399802,0.511343,0.696103,1000,0.764,382.29655,348.746141
