severity_quartile,pearson_r_mean,pearson_r_std,pearson_r_min,pearson_r_max,pearson_r_p5,pearson_r_p50,pearson_r_p95,pearson_r_n,goal_rate,reward_mean,reward_std
Q1 mild,0.616637,0.269229,-0.639892,0.964306,0.023604,0.705931,0.898356,1000,1.0,634.577181,123.1527
Q2,0.498164,0.264224,-0.895445,0.893013,-0.043521,0.568908,0.776673,1000,0.943,513.564798,253.96722
Q3,0.408836,0.316563,-0.854687,0.826557,-0.371068,0.513284,0.709556,1000,0.84,427.604378,329.883782
Q4 severe,0.377009,0.330585,-0.857361,0.854145,-0.389669,0.507433,0.669409,1000,0.786,378.951702,341.515251
