radian_bin,pearson_r_mean,pearson_r_std,pearson_r_min,pearson_r_max,pearson_r_p5,pearson_r_p50,pearson_r_p95,pearson_r_n,goal_rate,reward_mean,reward_std
0.0ľ0.5 rad,0.216022,0.418208,-0.920689,0.91951,-0.503207,0.377513,0.719847,1570,0.777707,136.538739,359.566736
0.5ľ1.0 rad,0.321963,0.441591,-0.978455,0.948582,-0.580493,0.529748,0.763895,1168,0.728596,162.005451,333.857646
1.0ľ1.5 rad,0.550282,0.227247,-0.851488,0.959426,0.212868,0.583448,0.817691,823,0.854192,225.750693,306.948487
1.5+ rad,0.655866,0.122454,0.401401,0.95377,0.479484,0.630085,0.887966,439,0.867882,316.829662,292.785653
