severity_quartile,pearson_r_mean,pearson_r_std,pearson_r_min,pearson_r_max,pearson_r_p5,pearson_r_p50,pearson_r_p95,pearson_r_n,goal_rate,reward_mean,reward_std
Q1 mild,0.570264,0.281356,-0.710361,0.959426,-0.090099,0.641593,0.879743,1000,0.959,493.783506,253.523412
Q2,0.398772,0.355147,-0.764183,0.84975,-0.412507,0.524867,0.733983,1000,0.811,185.561975,336.004148
Q3,0.276106,0.418327,-0.847916,0.762348,-0.541168,0.489387,0.663058,1000,0.719,39.864848,287.747534
Q4 severe,0.210872,0.445667,-0.978455,0.74194,-0.616708,0.452903,0.622995,1000,0.667,9.258899,233.184324
