severity_quartile,pearson_r_mean,pearson_r_std,pearson_r_min,pearson_r_max,pearson_r_p5,pearson_r_p50,pearson_r_p95,pearson_r_n,goal_rate,reward_mean,reward_std
Q1 mild,0.586719,0.252834,-0.51758,0.957672,0.040592,0.649904,0.881494,1000,0.999,614.859884,142.320334
Q2,0.462092,0.238955,-0.69978,0.863011,-0.030281,0.508174,0.739321,1000,0.941,477.70705,261.322309
Q3,0.365827,0.299391,-0.936058,0.772663,-0.361899,0.463982,0.647373,1000,0.843,390.266393,312.630142
Q4 severe,0.340591,0.328161,-0.696235,0.830573,-0.400516,0.476348,0.63006,1000,0.777,358.334241,328.714668
