radian_bin,pearson_r_mean,pearson_r_std,pearson_r_min,pearson_r_max,pearson_r_p5,pearson_r_p50,pearson_r_p95,pearson_r_n,goal_rate,reward_mean,reward_std
0.0ľ0.5 rad,0.329055,0.321939,-0.895445,0.854145,-0.325342,0.414478,0.735408,1570,0.934395,548.931734,301.416214
0.5ľ1.0 rad,0.516459,0.302267,-0.450664,0.934162,-0.379905,0.577219,0.826165,1168,0.869863,477.948505,285.926502
1.0ľ1.5 rad,0.59461,0.240999,-0.477616,0.964196,0.381316,0.61587,0.860642,823,0.857837,427.753857,274.235362
1.5+ rad,0.663873,0.119365,0.423719,0.964306,0.501928,0.632787,0.889223,439,0.865604,415.922459,268.146261
