radian_bin,pearson_r_mean,pearson_r_std,pearson_r_min,pearson_r_max,pearson_r_p5,pearson_r_p50,pearson_r_p95,pearson_r_n,goal_rate,reward_mean,reward_std
0.0ľ0.5 rad,0.243152,0.415471,-0.91216,0.978526,-0.530315,0.359357,0.794003,1570,0.829936,364.0153,339.271713
0.5ľ1.0 rad,0.524181,0.306175,-0.453406,0.957992,-0.371572,0.590593,0.840686,1168,0.754281,284.834554,324.275845
1.0ľ1.5 rad,0.590108,0.259109,-0.474305,0.976417,0.309433,0.623489,0.859585,823,0.81531,277.86781,303.398425
1.5+ rad,0.666443,0.119472,0.441488,0.989928,0.49992,0.64638,0.873136,439,0.833713,326.619681,292.096079
