radian_bin,pearson_r_mean,pearson_r_std,pearson_r_min,pearson_r_max,pearson_r_p5,pearson_r_p50,pearson_r_p95,pearson_r_n,goal_rate,reward_mean,reward_std
0.0ľ0.5 rad,0.373296,0.348783,-0.907315,0.972192,-0.340448,0.440984,0.855811,1570,0.932484,571.735965,298.118897
0.5ľ1.0 rad,0.523065,0.299488,-0.457491,0.955986,-0.362928,0.578043,0.848894,1168,0.880137,483.950901,289.346362
1.0ľ1.5 rad,0.591167,0.258083,-0.473667,0.980067,0.363356,0.615347,0.884661,823,0.849332,435.797372,281.139339
1.5+ rad,0.667223,0.125811,0.420085,0.97237,0.502567,0.635995,0.90381,439,0.824601,404.066535,293.063085
