radian_bin,pearson_r_mean,pearson_r_std,pearson_r_min,pearson_r_max,pearson_r_p5,pearson_r_p50,pearson_r_p95,pearson_r_n,goal_rate,reward_mean,reward_std
0.0ľ0.5 rad,0.277011,0.290273,-0.936058,0.914692,-0.3236,0.351,0.648368,1570,0.935032,540.624006,294.176305
0.5ľ1.0 rad,0.475874,0.289814,-0.459809,0.946542,-0.379897,0.521297,0.782772,1168,0.863014,435.876243,280.348704
1.0ľ1.5 rad,0.579126,0.215963,-0.471718,0.956449,0.381775,0.594128,0.828774,823,0.868773,387.153906,256.329305
1.5+ rad,0.655763,0.129795,-0.476416,0.957672,0.496913,0.631031,0.87419,439,0.840547,375.072355,276.936985
